{
  "credit": "Made with Blockbench",
  "parent": "builtin/entity",
  "display": {
    "thirdperson_righthand": {
      "translation": [
        0,
        -0.75,
        0.75
      ],
      "scale": [
        1.203125,
        1.203125,
        1.203125
      ]
    },
    "thirdperson_lefthand": {
      "translation": [
        0,
        -0.75,
        0.75
      ],
      "scale": [
        1.203125,
        1.203125,
        1.203125
      ]
    },
    "firstperson_righthand": {
      "translation": [
        -1.75,
        1,
        3.5
      ],
      "scale": [
        1.765625,
        1.765625,
        1.765625
      ]
    },
    "firstperson_lefthand": {
      "translation": [
        -1.75,
        1,
        3.5
      ],
      "scale": [
        1.765625,
        1.765625,
        1.765625
      ]
    },
    "gui": {
      "rotation": [
        45,
        135,
        0
      ],
      "translation": [
        2.25,
        1,
        0
      ],
      "scale": [
        1.501953125,
        1.501953125,
        1.501953125
      ]
    },
    "fixed": {
      "rotation": [
        90,
        78.75,
        -84
      ],
      "translation": [
        3.25,
        -1,
        -1.5
      ],
      "scale": [
        1.935546875,
        1.935546875,
        1.935546875
      ]
    }
  }
}